-50,-17.86,-27.158,-19.411,-6.469,-18.401
-30,-18.953,-28.314,-20.355,-7.365,-19.777
-10,-18.294,-27.284,-19.579,-7.166,-19.146
10,-17.794,-27.059,-18.88,-6.589,-18.648
30,-18.842,-28.716,-19.467,-7.351,-19.833
50,-19.841,-30.316,-20.721,-7.47,-20.858
70,-19.648,-29.472,-20.226,-7.997,-20.897
90,-20.286,-29.824,-21.221,-8.131,-21.97
110,-20.025,-30.69,-20.777,-7.814,-20.818
130,-19.858,-29.463,-21.788,-7.477,-20.701
150,-19.157,-27.832,-20.502,-7.541,-20.751
170,-20.34,-30.465,-21.811,-7.74,-21.346
190,-20.121,-31.164,-21.243,-7.62,-20.458
210,-19.761,-30.521,-21.08,-7.625,-19.819
230,-19.85,-29.715,-21.657,-7.569,-20.461
250,-20.665,-30.676,-22.06,-8.401,-21.524
270,-19.522,-29.588,-20.367,-7.438,-20.696
290,-18.845,-28.245,-20.085,-7.091,-19.959
310,-19.999,-30.294,-21.438,-7.684,-20.578
330,-19.143,-28.751,-19.979,-7.58,-20.261
350,-19.139,-28.097,-21.329,-7.218,-19.91
370,-18.742,-28.16,-20.37,-7.005,-19.434
390,-18.591,-28.125,-19.543,-7.201,-19.495
410,-19.716,-29.19,-21.606,-7.817,-20.251
430,-18.369,-27.713,-20.118,-7.054,-18.593
450,-18.423,-27.921,-20.335,-7.021,-18.413
470,-18.795,-28.983,-20.018,-6.995,-19.183
490,-19.59,-29.217,-21.121,-7.733,-20.29
510,-18.124,-27.173,-19.661,-6.871,-18.793
530,-18.456,-28.366,-19.627,-7.083,-18.748
550,-18.445,-27.84,-20.174,-7.356,-18.411
570,-18.427,-28.44,-20.52,-6.715,-18.033
590,-18.892,-27.635,-20.46,-7.29,-20.183
610,-19.323,-29.597,-20.963,-7.171,-19.56
630,-19.249,-29.328,-20.377,-7.043,-20.25
650,-18.808,-28.004,-20.566,-7.156,-19.507
670,-18.661,-28.437,-20.438,-7.186,-18.583
690,-18.906,-28.95,-20.237,-7.027,-19.411
710,-18.951,-28.111,-20.444,-7.301,-19.948
730,-18.246,-26.36,-20.013,-7.043,-19.571
750,-18.313,-27.428,-19.772,-6.494,-19.557
770,-18.922,-27.89,-20.995,-7.385,-19.418
790,-18.596,-28.221,-20.407,-6.8,-18.957
810,-17.768,-26.553,-19.54,-6.539,-18.439
830,-17.494,-27.419,-18.633,-6.488,-17.437
850,-18.483,-28.328,-19.85,-7.292,-18.461
870,-17.524,-26.863,-19.045,-6.895,-17.292
890,-18.407,-26.897,-20.18,-7.077,-19.473
910,-18.516,-26.882,-20.294,-7.353,-19.533
930,-19.02,-29.185,-20.963,-7.036,-18.895
950,-19.749,-29.357,-21.831,-7.86,-19.949
970,-17.659,-25.862,-19.102,-6.376,-19.296
990,-17.798,-26.731,-19.634,-7.244,-17.585
1010,-17.425,-25.677,-19.713,-6.833,-17.476
1030,-17.857,-26.638,-18.998,-6.718,-19.074
1050,-17.919,-27.007,-20.076,-6.683,-17.911
1070,-18.443,-28.679,-19.565,-6.985,-18.54
1090,-18.821,-28.531,-20.162,-7.036,-19.553
1110,-20.129,-30.677,-20.888,-7.422,-21.528
1130,-19.13,-28.864,-21.079,-7.071,-19.505
1150,-18.952,-28.586,-20.969,-6.907,-19.347
1170,-18.332,-26.981,-19.963,-7.077,-19.308
1190,-18.308,-27.571,-19.65,-6.712,-19.298
1210,-17.45,-26.095,-18.409,-6.954,-18.342
1230,-16.043,-23.706,-17.612,-6.002,-16.852
1250,-14.678,-22.024,-15.61,-5.687,-15.391
1270,-16.267,-23.837,-17.915,-6.295,-17.022
1290,-16.204,-24.334,-17.406,-6.252,-16.826
1310,-16.707,-25.082,-18.405,-6.083,-17.257
1330,-17.584,-26.303,-19.081,-6.954,-17.997
1350,-19.134,-28.955,-21.491,-6.91,-19.178
1370,-19.253,-29.376,-21.147,-6.833,-19.656
1390,-18.684,-27.82,-20.744,-6.944,-19.226
1410,-18.609,-27.027,-20.381,-7.123,-19.906
1430,-18.032,-26.59,-19.508,-6.815,-19.215
1450,-18.817,-27.878,-20.983,-7.237,-19.171
1470,-18.744,-28.386,-20.251,-6.998,-19.342
1490,-17.886,-26.276,-19.645,-6.856,-18.768
1510,-17.454,-26.34,-19.106,-6.514,-17.856
1530,-17.183,-25.675,-19.551,-6.43,-17.076
1550,-17.366,-25.884,-18.427,-6.375,-18.777
1570,-17.636,-26.177,-19.441,-6.641,-18.284
1590,-16.761,-24.999,-18.063,-6.349,-17.634
1610,-17.596,-26.781,-18.53,-6.616,-18.455
1630,-17.336,-25.843,-19.302,-6.822,-17.377
1650,-18.62,-27.979,-20.199,-6.905,-19.399
1670,-17.439,-25.31,-18.749,-7.282,-18.415
1690,-17.349,-26.886,-18.288,-6.537,-17.684
1710,-17.495,-25.708,-19.36,-7.099,-17.811
1730,-18.148,-27.201,-19.8,-6.711,-18.882
1750,-19.417,-29.34,-20.966,-7.24,-20.121
1770,-20.61,-31.762,-21.117,-7.372,-22.188
1790,-18.879,-27.678,-20.463,-7.173,-20.204
1810,-18.216,-27.261,-20.359,-6.595,-18.649
1830,-17.696,-26.692,-19.375,-6.924,-17.794
1850,-18.152,-26.296,-20.326,-7.135,-18.85
1870,-17.851,-27.018,-19.235,-6.912,-18.24
1890,-16.977,-25.62,-18.37,-6.553,-17.364
1910,-17.415,-27.034,-18.991,-6.26,-17.374
1930,-16.527,-24.774,-18.322,-6.36,-16.654
1950,-16.509,-24.819,-17.998,-6.26,-16.96
1970,-17.044,-24.874,-18.621,-6.814,-17.865
1990,-17.629,-25.933,-20.095,-6.621,-17.867
2010,-17.759,-26.296,-19.782,-6.584,-18.375
2030,-17.474,-26.353,-19.365,-6.629,-17.549
2050,-16.098,-23.948,-18.226,-5.825,-16.392
2070,-16.789,-25.194,-18.593,-6.29,-17.078
2090,-16.901,-24.995,-18.408,-6.699,-17.5
2110,-18.321,-27.804,-19.708,-6.848,-18.924
2130,-17.94,-26.965,-19.487,-7.146,-18.16
2150,-18.262,-27.438,-20.209,-7.054,-18.35
2170,-17.721,-27.498,-19.115,-6.774,-17.495
2190,-17.455,-26.479,-19.391,-6.628,-17.321
2210,-17.854,-26.026,-20.819,-6.659,-17.911
2230,-16.275,-24.123,-18.146,-6.095,-16.733
2250,-17.397,-26.789,-19.062,-6.46,-17.277
2270,-16.638,-25.768,-18.037,-5.95,-16.799
2290,-16.271,-23.917,-18.314,-5.978,-16.873
2310,-18.371,-27.622,-20.068,-6.703,-19.09
2330,-18.165,-27.195,-19.376,-6.894,-19.195
2350,-18.271,-28.367,-19.712,-6.83,-18.174
2370,-17.832,-27.651,-20.072,-6.538,-17.067
2390,-18.465,-28.212,-20.396,-6.449,-18.804
2410,-18.717,-28.352,-19.989,-7.018,-19.511
2430,-18.567,-28.367,-19.996,-7.415,-18.489
2450,-18.923,-28.983,-20.436,-7.284,-18.99
2470,-18.681,-27.644,-20.36,-7.274,-19.446
2490,-18.634,-27.355,-20.853,-6.96,-19.369
2510,-17.052,-25.694,-18.911,-6.23,-17.371
2530,-16.478,-24.823,-18.846,-6.319,-15.924
2550,-15.829,-23.586,-17.854,-5.9,-15.976
2570,-17.504,-26.688,-19.136,-6.634,-17.557
2590,-17.161,-25.647,-18.882,-6.456,-17.658
2610,-17.133,-26.189,-18.347,-6.219,-17.777
2630,-16.987,-25.219,-19.307,-6.221,-17.2
2650,-17.778,-26.464,-19.497,-6.504,-18.645
2670,-18.849,-28.351,-20.067,-7.25,-19.727
2690,-19.406,-29.098,-21.064,-7.48,-19.983
2710,-17.826,-26.816,-19.357,-6.946,-18.185
2730,-17.013,-25.11,-19.153,-6.3,-17.487
2750,-17.841,-27.314,-19.371,-6.478,-18.2
2770,-17.935,-26.929,-19.695,-6.912,-18.204
2790,-17.156,-24.938,-18.775,-6.477,-18.434
2810,-18.409,-27.78,-20.666,-6.618,-18.572
2830,-17.957,-26.914,-19.978,-6.459,-18.476
2850,-18.226,-27.265,-19.8,-6.751,-19.089
2870,-18.598,-27.624,-20.571,-7.107,-19.09
2890,-17.907,-28.195,-19.569,-6.375,-17.489
2910,-16.925,-24.79,-18.567,-6.373,-17.969
2930,-16.61,-24.461,-19.224,-6.272,-16.483
2950,-17.11,-25.032,-18.867,-6.758,-17.782
2970,-15.477,-22.936,-17.639,-5.954,-15.38
2990,-17.936,-26.783,-19.709,-6.331,-18.919
3010,-17.879,-27.137,-19.657,-6.547,-18.174
3030,-18.163,-27.779,-19.973,-6.575,-18.326
3050,-17.865,-27.526,-19.425,-6.221,-18.287
3070,-16.047,-24.29,-18.003,-5.894,-16.001
3090,-16.752,-24.6,-19.211,-6.161,-17.038
3110,-16.945,-26.067,-19.06,-6.111,-16.543
3130,-17.075,-25.719,-18.893,-6.173,-17.513
3150,-16.677,-24.233,-19.087,-6.333,-17.053
3170,-17.209,-26.162,-18.909,-6.345,-17.42
3190,-18.261,-27.83,-19.9,-6.694,-18.621
3210,-17.416,-26.978,-19.363,-6.525,-16.797
3230,-16.581,-25.271,-19.066,-5.673,-16.314
3250,-16.788,-26.002,-18.248,-6.306,-16.596
3270,-17.004,-24.675,-19.366,-6.308,-17.669
3290,-16.208,-24.78,-17.841,-5.645,-16.567
3310,-15.956,-23.491,-18.112,-5.756,-16.466
3330,-16.116,-24.447,-18.302,-5.794,-15.921
3350,-15.551,-22.647,-17.653,-5.661,-16.244
3370,-17.09,-25.983,-18.609,-6.012,-17.755
3390,-17.016,-26.146,-17.988,-5.932,-17.999
3410,-16.491,-24.606,-18.628,-5.965,-16.766
3430,-17.596,-26.44,-19.643,-5.958,-18.341
3450,-17.264,-25.797,-19.013,-6.553,-17.691
3470,-17.114,-24.974,-18.885,-6.258,-18.34
3490,-16.154,-23.963,-18.371,-5.804,-16.476
3510,-16.729,-26.278,-18.376,-5.617,-16.646
3530,-17.31,-26.114,-19.658,-5.89,-17.577
3550,-17.865,-27.015,-20.086,-6.184,-18.175
3570,-17.285,-25.959,-18.721,-6.194,-18.264
3590,-17.457,-26.648,-18.893,-6.39,-17.898
3610,-17.087,-25.892,-18.6,-6.277,-17.58
3630,-17.261,-26.422,-18.958,-6.138,-17.528
3650,-17.354,-26.707,-19.12,-5.907,-17.682
3670,-17.074,-25.332,-19.452,-6.483,-17.03
3690,-18.286,-28.225,-20.516,-6.501,-17.901
3710,-18.346,-27.499,-20.285,-6.581,-19.017
3730,-17.4,-25.764,-19.999,-6.385,-17.453
3750,-17.502,-26.688,-19.228,-6.306,-17.788
3770,-16.781,-24.507,-18.893,-6.113,-17.61
3790,-17.451,-25.476,-19.547,-6.765,-18.016
3810,-16.448,-25.649,-18.445,-5.877,-15.823
3830,-17.393,-26.255,-19.499,-5.62,-18.196
3850,-17.348,-25.814,-19.633,-6.048,-17.897
3870,-17.079,-25.256,-19.532,-6.046,-17.483
3890,-17.732,-26.266,-20.301,-6.692,-17.669
3910,-17.476,-26.349,-19.728,-6.333,-17.495
3930,-16.5,-24.581,-18.125,-6.295,-16.998
3950,-16.937,-26.018,-19.05,-6.241,-16.439
3970,-16.761,-25.406,-18.915,-5.933,-16.792
3990,-16.483,-24.835,-18.896,-5.921,-16.281
4010,-17.14,-26.015,-19.026,-6.266,-17.252
4030,-16.944,-25.506,-18.992,-6.074,-17.204
4050,-16.396,-24.478,-18.754,-5.866,-16.484
4070,-17.269,-26.441,-19.012,-6.249,-17.376
4090,-16.752,-24.764,-19.261,-6.08,-16.902
4110,-16.977,-24.884,-19.767,-5.73,-17.529
4130,-17.148,-26.585,-19.457,-5.889,-16.66
4150,-17.275,-25.696,-19.32,-6.242,-17.843
4170,-16.952,-26.292,-18.795,-5.662,-17.059
4190,-16.896,-26.324,-18.417,-5.771,-17.073
4210,-17.315,-26.915,-18.667,-5.994,-17.685
4230,-17.071,-25.927,-19.095,-5.964,-17.298
4250,-16.287,-23.97,-18.509,-6.01,-16.66
4270,-17.461,-26.359,-19.841,-5.781,-17.862
4290,-17.337,-26.015,-19.316,-6.429,-17.586
4310,-17.692,-27.024,-19.433,-6.559,-17.751
4330,-17.592,-26.972,-19.518,-6.393,-17.486
4350,-17.769,-26.737,-20.183,-6.175,-17.981
4370,-16.82,-25.131,-19.162,-6.054,-16.932
4390,-17.374,-26.291,-19.6,-6.01,-17.594
4410,-16.73,-25.229,-19.145,-5.78,-16.769
4430,-17.223,-25.872,-19.127,-5.986,-17.908
4450,-17.852,-27.829,-19.689,-5.991,-17.901
4470,-17.583,-26.923,-19.49,-6.415,-17.506
4490,-17.441,-26.512,-19.225,-6.246,-17.783
4510,-17.592,-27.103,-19.967,-5.936,-17.363
4530,-17.249,-26.099,-19.375,-6.056,-17.468
4550,-16.827,-25.647,-18.802,-5.736,-17.124
4570,-16.616,-25.609,-18.493,-5.811,-16.551
4590,-18.521,-29.187,-20.03,-6.609,-18.256
4610,-17.643,-27.008,-19.668,-6.14,-17.756
4630,-18.056,-27.503,-20.31,-6.02,-18.391
4650,-17.183,-26.323,-19.109,-6.045,-17.255
4670,-16.969,-25.67,-18.923,-5.899,-17.386
4690,-16.729,-24.706,-18.153,-5.932,-18.125
4710,-17.862,-27.301,-19.367,-5.775,-19.006
4730,-18.139,-27.509,-19.688,-6.039,-19.321
4750,-18.091,-28.203,-19.894,-5.903,-18.364
4770,-17.244,-26.615,-19.05,-5.593,-17.716
4790,-17.262,-26.358,-19.12,-5.986,-17.582
4810,-16.734,-25.71,-18.4,-5.442,-17.385
4830,-16.986,-25.393,-18.961,-5.959,-17.63
4850,-16.607,-25.171,-18.842,-5.388,-17.028
4870,-16.185,-24.21,-17.244,-5.845,-17.441
4890,-16.553,-24.426,-19.084,-6.058,-16.643
4910,-16.874,-25.732,-19.169,-5.602,-16.993
4930,-16.306,-23.499,-18.517,-5.425,-17.784
4950,-16.51,-25.511,-18.206,-5.473,-16.85
4970,-16.65,-24.51,-19.087,-5.571,-17.432
4990,-16.971,-26.344,-18.348,-5.594,-17.597
5010,-16.249,-24.359,-17.804,-5.819,-17.015
5030,-15.795,-24.619,-17.615,-5.302,-15.645
5050,-16.558,-24.623,-18.45,-5.751,-17.406
5070,-16.508,-25.372,-18.839,-5.804,-16.017
5090,-16.6,-25.141,-18.159,-5.795,-17.304
5110,-16.375,-24.912,-17.729,-5.842,-17.019
5130,-16.897,-25.578,-18.929,-5.719,-17.362
5150,-15.753,-23.297,-18.013,-5.541,-16.16
5170,-16.355,-26.207,-18.08,-5.343,-15.789
5190,-16.453,-24.789,-18.399,-5.72,-16.905
5210,-17.164,-27.684,-19.038,-5.453,-16.482
5230,-17.127,-26.532,-18.821,-5.888,-17.268
5250,-18.001,-27.593,-20.65,-5.725,-18.037
5270,-17.808,-26.876,-19.831,-6.083,-18.443
5290,-17.701,-27.008,-19.591,-5.637,-18.568
5310,-17.917,-27.223,-20.113,-6.24,-18.092
5330,-17.069,-25.605,-19.156,-5.733,-17.78
5350,-18.46,-29.518,-19.698,-6.201,-18.42
5370,-17.363,-26.788,-19.78,-5.65,-17.233
5390,-16.949,-26.145,-19.09,-5.399,-17.161
5410,-16.281,-25.464,-17.819,-5.309,-16.533
5430,-16.969,-26.387,-19.567,-5.664,-16.258
5450,-16.323,-25.071,-17.952,-5.79,-16.479
5470,-16.348,-25.091,-18.664,-5.216,-16.423
5490,-16.72,-25.747,-18.906,-5.518,-16.709
5510,-16.443,-24.564,-18.847,-5.372,-16.988
5530,-16.096,-24.874,-18.69,-5.381,-15.439
5550,-16.453,-24.414,-18.91,-5.872,-16.616
5570,-16.424,-24.691,-18.548,-5.28,-17.175
5590,-17.093,-26.199,-18.887,-5.483,-17.803
5610,-16.369,-24.065,-19.018,-5.512,-16.883
5630,-16.261,-24.724,-18.052,-5.571,-16.698
5650,-16.786,-25.654,-19.402,-5.485,-16.601
5670,-16.363,-24.599,-18.229,-5.368,-17.255
5690,-16.603,-24.786,-19.084,-5.508,-17.035
5710,-16.664,-24.986,-19.67,-5.73,-16.269
5730,-17.081,-25.602,-19.583,-5.762,-17.378
5750,-16.26,-24.379,-18.275,-5.418,-16.969
5770,-16.185,-24.399,-18.427,-5.605,-16.308
5790,-16.789,-25.71,-18.966,-5.566,-16.914
5810,-16.342,-23.427,-19.156,-5.694,-17.089
5830,-16.189,-24.332,-18.698,-5.445,-16.282
5850,-16.12,-24.581,-17.893,-5.163,-16.843
5870,-15.809,-24.112,-17.412,-5.184,-16.528
5890,-16.464,-25.603,-18.122,-5.348,-16.782
5910,-16.2,-24.806,-17.971,-5.241,-16.783
5930,-16.463,-24.906,-18.414,-5.471,-17.06
5950,-16.208,-25.203,-17.989,-5.281,-16.36
5970,-16.437,-25.437,-18.076,-5.697,-16.538
5990,-16.912,-25.558,-19.214,-5.513,-17.364
6010,-17.579,-27.87,-19.75,-5.739,-16.959
6030,-17.063,-25.154,-19.483,-5.514,-18.102
6050,-17.003,-26.348,-18.719,-5.469,-17.475
6070,-17.061,-26.741,-18.519,-5.607,-17.376
6090,-16.935,-25.999,-18.906,-5.608,-17.226
6110,-16.641,-25.027,-19.478,-5.137,-16.921
6130,-16.652,-25.239,-19.141,-5.294,-16.934
6150,-16.328,-25.055,-18.42,-5.027,-16.809
6170,-16.484,-27.018,-18.072,-4.998,-15.849
6190,-16.912,-25.825,-18.987,-5.374,-17.462
6210,-17.273,-26.404,-19.298,-5.839,-17.553
6230,-17.507,-26.934,-19.24,-5.977,-17.876
6250,-17.222,-26.084,-19.427,-5.62,-17.756
6270,-17.226,-26.18,-19.497,-5.745,-17.483
6290,-16.523,-25.718,-18.986,-5.374,-16.014
6310,-16.975,-25.162,-19.435,-5.524,-17.781
6330,-16.969,-26.967,-19.105,-5.464,-16.339
6350,-16.894,-25.734,-19.052,-5.494,-17.298
6370,-17.016,-25.84,-18.692,-5.798,-17.732
6390,-16.637,-25.421,-18.446,-5.629,-17.052
6410,-16.897,-25.444,-18.99,-5.317,-17.838
6430,-17.266,-26.631,-18.911,-5.46,-18.062
6450,-16.94,-26.367,-19.567,-5.429,-16.396
6470,-16.494,-24.936,-18.03,-5.219,-17.792
6490,-16.889,-25.831,-19.341,-5.571,-16.811
6510,-16.794,-25.87,-19.055,-5.474,-16.776
6530,-17.43,-27.39,-19.19,-5.366,-17.774
6550,-16.439,-24.931,-18.903,-5.43,-16.492
6570,-16.604,-25.125,-19.209,-5.302,-16.779
6590,-16.839,-25.438,-18.316,-5.37,-18.233
6610,-16.937,-25.723,-19.266,-5.222,-17.534
6630,-16.281,-24.394,-18.428,-5.63,-16.671
6650,-16.398,-25.4,-18.323,-5.198,-16.669
6670,-16.626,-25.405,-19.032,-5.144,-16.924
6690,-16.566,-24.91,-19.677,-4.807,-16.872
6710,-16.307,-25.126,-18.674,-5.296,-16.133
6730,-15.289,-23.721,-17.046,-5.045,-15.342
6750,-15.396,-24.01,-18.197,-4.669,-14.709
6770,-15.675,-23.71,-18.227,-4.682,-16.08
6790,-15.748,-24.222,-17.819,-4.472,-16.478
6810,-15.488,-23.89,-18.509,-4.68,-14.874
6830,-15.906,-23.639,-18.637,-4.829,-16.52
6850,-16.591,-26.281,-18.793,-5.309,-15.982
6870,-16.17,-25.21,-18.7,-4.832,-15.938
6890,-15.537,-23.564,-17.676,-5.025,-15.883
6910,-16.139,-24.161,-18.913,-5.195,-16.289
6930,-16.466,-24.857,-19.476,-5.048,-16.485
6950,-16.279,-25.301,-18.316,-5.082,-16.419
6970,-16.354,-24.829,-18.402,-5.177,-17.006
6990,-16.176,-24.031,-19.236,-4.867,-16.572
7010,-16.532,-25.653,-19.449,-4.538,-16.489
7030,-17.227,-26.823,-19.541,-5.218,-17.325
7050,-16.813,-25.681,-19.117,-5.198,-17.255
7070,-17.042,-27.143,-18.846,-5.035,-17.145
7090,-16.647,-25.793,-18.438,-4.954,-17.403
7110,-17.419,-27.199,-19.665,-5.47,-17.342
7130,-17.39,-27.171,-19.333,-5.447,-17.609
7150,-16.708,-26.34,-18.904,-4.843,-16.746
7170,-16.62,-25.26,-19.468,-4.963,-16.79
7190,-17.068,-26.127,-19.554,-5.173,-17.419
7210,-16.515,-25.518,-19.036,-4.69,-16.814
7230,-17.125,-26.503,-18.379,-5.472,-18.145
7250,-16.976,-26.446,-18.572,-5.375,-17.509
7270,-16.29,-25.1,-18.911,-4.981,-16.17
7290,-15.365,-24.601,-17.135,-4.735,-14.988
7310,-15.459,-24.462,-18.009,-4.42,-14.946
7330,-16.249,-25.534,-18.262,-5.079,-16.121
7350,-16.328,-24.805,-18.166,-5.12,-17.219
7370,-15.905,-24.249,-18.87,-4.784,-15.718
7390,-15.868,-24.658,-17.347,-4.702,-16.766
7410,-16.198,-25.051,-18.429,-4.366,-16.946
7430,-16.788,-25.455,-19.33,-5.447,-16.921
7450,-16.985,-25.775,-18.808,-5.21,-18.149
7470,-17.117,-26.666,-18.654,-5.183,-17.964
7490,-16.91,-26.564,-19.512,-5.045,-16.52
7510,-16.666,-25.562,-18.73,-5.019,-17.353
7530,-15.738,-24.489,-17.915,-4.636,-15.913
7550,-15.626,-24.647,-17.421,-4.431,-16.007
7570,-15.259,-23.753,-17.618,-4.524,-15.14
7590,-15.795,-24.218,-17.997,-4.886,-16.078
7610,-16.4,-24.805,-18.996,-4.785,-17.013
7630,-16.716,-26.756,-19.169,-4.436,-16.505
7650,-16.015,-25.539,-17.926,-4.353,-16.244
7670,-16.014,-24.623,-18.844,-4.213,-16.377
7690,-15.566,-23.487,-17.364,-4.45,-16.963
7710,-15.698,-24.414,-17.749,-4.172,-16.456
7730,-15.736,-24.447,-17.398,-4.486,-16.61
7750,-16.108,-24.758,-18.072,-4.54,-17.061
7770,-15.864,-24.65,-18.319,-4.228,-16.259
7790,-15.504,-23.714,-18.108,-4.313,-15.881
7810,-15.702,-25.162,-17.976,-3.98,-15.692
7830,-15.231,-23.168,-17.74,-4.375,-15.642
7850,-16.596,-26.212,-19.567,-4.237,-16.368
7870,-16.214,-25.215,-18.217,-4.821,-16.602
7890,-16.969,-26.636,-19.082,-4.874,-17.282
7910,-16.369,-25.915,-18.241,-4.339,-16.979
7930,-16.224,-25.406,-18.954,-4.452,-16.083
7950,-15.651,-24.09,-17.979,-4.216,-16.321
7970,-16.185,-25.825,-17.212,-4.412,-17.292
7990,-16.539,-26.781,-18.634,-4.39,-16.352
8010,-17.069,-26.016,-18.699,-5.04,-18.521
8030,-16.715,-25.889,-18.367,-5.018,-17.587
8050,-16.455,-25.213,-18.41,-5.225,-16.971
8070,-16.639,-25.565,-18.768,-5.164,-17.058
8090,-17.301,-26.061,-19.595,-5.242,-18.306
8110,-18.399,-28.064,-20.011,-5.765,-19.754
8130,-18.347,-28.57,-20.657,-5.667,-18.492
8150,-18.973,-29.278,-20.979,-5.906,-19.727
8170,-20.043,-30.983,-22.75,-5.884,-20.554
8190,-20.141,-31.278,-22.089,-6.246,-20.951
8210,-20.143,-31.631,-21.383,-6.1,-21.458
8230,-18.787,-28.221,-21.315,-5.812,-19.8
8250,-16.905,-26.302,-18.751,-5.195,-17.372
8270,-15.906,-24.541,-17.134,-4.659,-17.291
8290,-15.783,-24.719,-17.479,-4.458,-16.475
8310,-16.369,-24.89,-18.541,-4.946,-17.099
8330,-16.702,-25.606,-19.219,-4.959,-17.024
8350,-16.744,-25.098,-18.716,-4.882,-18.281
8370,-16.885,-25.454,-18.965,-5.277,-17.844
8390,-16.237,-24.95,-18.892,-4.618,-16.488
8410,-16.063,-24.919,-17.569,-5.038,-16.727
8430,-16.514,-25.446,-18.122,-5.259,-17.227
8450,-16.342,-26.043,-17.184,-4.82,-17.32
8470,-16.156,-24.222,-17.586,-4.901,-17.915
8490,-16.368,-24.886,-17.69,-4.883,-18.013
8510,-16.609,-25.741,-17.965,-5.275,-17.457
8530,-16.453,-26.178,-17.792,-4.774,-17.07
8550,-15.627,-24.28,-17.221,-4.799,-16.206
8570,-15.896,-24.468,-17.285,-4.706,-17.126
8590,-15.881,-24.069,-17.791,-4.628,-17.037
8610,-16.466,-25.74,-18.425,-4.903,-16.794
8630,-16.406,-25.308,-17.841,-5.192,-17.282
8650,-17.299,-26.558,-19.255,-4.988,-18.395
8670,-16.523,-25.896,-18.189,-4.896,-17.109
8690,-16.097,-25.285,-17.444,-4.99,-16.667
8710,-16.021,-24.85,-17.521,-4.443,-17.268
8730,-15.932,-25.214,-17.608,-4.394,-16.511
8750,-15.778,-23.971,-17.614,-4.642,-16.883
8770,-16.126,-24.986,-18.223,-4.447,-16.846
8790,-15.822,-25.13,-17.421,-4.6,-16.137
8810,-15.719,-24.176,-18.095,-4.508,-16.096
8830,-15.567,-23.607,-17.045,-4.226,-17.389
8850,-15.78,-24.295,-17.638,-4.56,-16.627
8870,-15.148,-23.011,-16.906,-4.332,-16.345
8890,-15.056,-23.026,-17.35,-4.301,-15.549
8910,-15.14,-23.468,-17.518,-4.068,-15.506
8930,-15.652,-24.828,-16.832,-4.266,-16.684
8950,-15.522,-23.469,-17.443,-4.31,-16.866
8970,-16.021,-23.982,-18.489,-4.75,-16.862
8990,-15.638,-24.032,-17.771,-4.039,-16.709
9010,-15.812,-24.627,-17.561,-4.401,-16.657
9030,-16.109,-24.481,-17.139,-4.622,-18.196
9050,-15.484,-23.912,-16.971,-4.148,-16.904
9070,-15.915,-24.967,-17.476,-4.331,-16.886
9090,-15.732,-24.231,-17.537,-4.252,-16.91
9110,-15.478,-23.247,-17.324,-4.056,-17.287
9130,-15.544,-23.189,-16.983,-4.462,-17.542
9150,-15.362,-23.807,-17.292,-4.078,-16.271
9170,-16.413,-25.54,-17.971,-4.548,-17.593
9190,-16.228,-24.955,-18.32,-4.581,-17.057
9210,-16.203,-25.346,-17.744,-4.394,-17.326
9230,-16.582,-24.304,-18.649,-4.767,-18.61
9250,-16.12,-25.226,-16.746,-4.808,-17.699
9270,-16.148,-24.775,-18.17,-4.653,-16.994
9290,-15.875,-24.081,-17.065,-4.444,-17.908
9310,-15.818,-24.318,-16.963,-4.459,-17.532
9330,-15.299,-23.731,-16.448,-4.346,-16.673
9350,-15.693,-23.884,-17.358,-4.274,-17.256
9370,-15.329,-23.733,-16.789,-3.92,-16.873
9390,-15.702,-23.715,-17.517,-4.383,-17.193
9410,-15.732,-24.854,-17.467,-4.196,-16.409
9430,-16.17,-24.237,-17.729,-4.741,-17.971
9450,-15.923,-24.334,-17.775,-4.567,-17.018
9470,-16.379,-24.004,-18.258,-4.775,-18.479
9490,-16.641,-24.66,-18.491,-4.979,-18.432
9510,-16.341,-25.645,-17.839,-4.566,-17.311
9530,-17.066,-26.307,-18.917,-4.585,-18.452
9550,-16.305,-25.225,-17.844,-4.769,-17.383
9570,-16.534,-25.735,-17.541,-4.431,-18.43
9590,-16.07,-24.913,-17.985,-4.56,-16.823
9610,-16.09,-24.134,-18.095,-4.446,-17.684
9630,-15.818,-24.365,-17.103,-4.446,-17.356
9650,-15.963,-24.748,-17.591,-4.521,-16.994
9670,-16.169,-25.208,-17.293,-4.273,-17.901
9690,-16.188,-24.439,-18.054,-4.52,-17.737
9710,-15.83,-24.671,-17.119,-4.401,-17.131
9730,-15.819,-23.474,-17.38,-4.332,-18.089
9750,-16.591,-24.333,-18.651,-4.666,-18.712
9770,-16.162,-24.413,-17.442,-4.645,-18.148
9790,-16.141,-24.877,-17.709,-4.139,-17.841
9810,-16.225,-24.483,-17.521,-4.578,-18.32
9830,-16.693,-25.301,-18.224,-4.6,-18.647
9850,-17.105,-25.779,-20.107,-4.335,-18.199
9870,-16.936,-25.467,-19.476,-4.562,-18.238
9890,-17.136,-25.946,-19.087,-4.836,-18.676
9910,-16.564,-24.173,-18.588,-4.596,-18.9
9930,-16.309,-24.517,-17.542,-4.386,-18.791
9950,-16.074,-23.974,-17.795,-4.46,-18.066
9970,-16.668,-25.518,-18.117,-4.265,-18.77
9990,-17.089,-25.966,-18.239,-5.14,-19.012
10010,-18.481,-26.714,-20.788,-5.563,-20.86
10030,-17.786,-27.372,-19.298,-5.166,-19.307
10050,-17.564,-27.133,-18.855,-4.717,-19.551
10070,-18.355,-27.252,-19.889,-5.21,-21.069
10090,-17.995,-28.204,-20.148,-4.896,-18.734
10110,-18.174,-26.713,-20.707,-5.19,-20.085
10130,-17.537,-26.761,-19.42,-4.938,-19.029
10150,-18.193,-28.729,-20.003,-4.888,-19.154
10170,-18.341,-27.47,-20.141,-5.098,-20.655
10190,-18.761,-28.469,-20.7,-5.372,-20.505
10210,-18.366,-28.693,-19.139,-5.412,-20.221
10230,-17.836,-27.748,-19.066,-5.363,-19.168
10250,-17.583,-26.639,-19.065,-5.278,-19.348
10270,-18.06,-26.973,-19.4,-5.257,-20.611
10290,-17.235,-26.229,-19.183,-5.067,-18.461
10310,-18.239,-27.983,-19.534,-5.499,-19.94
10330,-18.358,-28.192,-19.857,-5.557,-19.824
10350,-19.446,-29.731,-20.662,-5.889,-21.503
10370,-19.136,-30.062,-20.651,-5.57,-20.261
10390,-18.894,-29.207,-20.142,-5.534,-20.691
10410,-18.382,-28.316,-20.617,-5.457,-19.137
10430,-18.69,-27.937,-19.065,-5.811,-21.947
10450,-18.803,-28.207,-20.022,-5.998,-20.984
10470,-18.836,-28.633,-20.855,-5.48,-20.378
10490,-19.129,-29.059,-20.542,-6.004,-20.912
10510,-19.073,-28.656,-21.164,-5.767,-20.704
10530,-19.647,-29.589,-21.278,-5.671,-22.05
10550,-19.314,-29.756,-20.502,-5.73,-21.269
10570,-19.304,-29.007,-21.024,-5.832,-21.355
10590,-19.334,-29.262,-20.415,-5.992,-21.665
10610,-19.668,-31.495,-20.566,-5.447,-21.165
10630,-20.139,-31.367,-20.962,-6.097,-22.13
10650,-19.878,-30.123,-21.084,-6.265,-22.042
10670,-20.353,-31.122,-21.808,-6.191,-22.291
10690,-20.461,-31.979,-22.046,-5.726,-22.092
10710,-20.717,-32.502,-21.898,-6.317,-22.15
10730,-20.886,-32.685,-21.772,-6.225,-22.863
10750,-20.917,-31.963,-22.781,-6.131,-22.793
10770,-20.514,-31.287,-21.657,-6.24,-22.874
10790,-20.858,-32.231,-22.583,-5.989,-22.632
10810,-20.8,-32.007,-22.489,-6.155,-22.55
10830,-21.285,-32.027,-23.287,-6.371,-23.457
10850,-21.525,-33.221,-22.459,-6.355,-24.064
10870,-21.573,-32.617,-23.126,-6.735,-23.814
10890,-21.977,-34.006,-23.709,-6.627,-23.566
10910,-21.954,-33.749,-23.942,-6.757,-23.366
10930,-21.662,-33.453,-22.568,-6.428,-24.198
10950,-21.211,-32.566,-22.068,-6.578,-23.634
10970,-21.47,-32.069,-23.167,-6.649,-23.996
10990,-21.403,-32.334,-22.889,-6.593,-23.797
11010,-21.449,-32.328,-22.578,-6.642,-24.248
11030,-21.102,-32.564,-23.009,-6.807,-22.027
11050,-21.058,-32.562,-22.121,-6.646,-22.9
11070,-21.16,-32.002,-22.399,-6.651,-23.586
11090,-21.237,-32.14,-22.89,-6.39,-23.528
11110,-21.091,-32.258,-22.686,-6.336,-23.084
11130,-21.869,-34.236,-23.085,-6.3,-23.855
11150,-22.002,-33.02,-23.915,-6.587,-24.486
11170,-22.093,-33.301,-24.099,-6.776,-24.197
11190,-22,-33.491,-24.014,-6.566,-23.929
11210,-21.758,-32.571,-22.919,-6.86,-24.683
11230,-20.652,-31.669,-21.725,-6.237,-22.976
11250,-21.116,-32.046,-22.74,-6.591,-23.084
11270,-21.772,-32.765,-23.285,-6.772,-24.265
11290,-21.722,-31.913,-24.009,-7.002,-23.966
11310,-21.952,-33.457,-23.413,-6.638,-24.302
11330,-22.563,-35.172,-23.396,-7.262,-24.42
11350,-23.857,-36.353,-24.945,-7.665,-26.464
11370,-25.621,-39.825,-26.938,-8.206,-27.515
11390,-25.429,-38.488,-26.559,-8.204,-28.467
11410,-24.626,-36.793,-25.88,-8.119,-27.711
11430,-24.504,-37.705,-25.219,-8.011,-27.081
11450,-24.213,-36.612,-25.248,-7.795,-27.199
11470,-22.603,-34.052,-23.538,-7.665,-25.157
11490,-22.281,-32.923,-23.242,-7.304,-25.656
11510,-22.271,-34.156,-23.128,-6.99,-24.81
11530,-21.288,-32.093,-22.467,-7.214,-23.38
11550,-21.063,-31.746,-21.891,-7.023,-23.591
11570,-21.653,-33.098,-22.707,-6.557,-24.25
11590,-22.786,-35.086,-23.003,-7.488,-25.566
11610,-24.066,-36.84,-24.346,-7.87,-27.21
11630,-26.683,-40.776,-27.465,-8.605,-29.884
11650,-29.677,-45.974,-30.774,-10.105,-31.854
11670,-32.086,-49.187,-32.87,-10.729,-35.557
11690,-33.382,-51.731,-34.086,-10.806,-36.904
11710,-34.428,-52.949,-35.59,-11.41,-37.762
11730,-34.48,-52.415,-35.532,-11.369,-38.602
11750,-34.257,-51.417,-35.318,-11.668,-38.623
11770,-34.623,-53.02,-35.672,-12.03,-37.767
11790,-34.786,-53.754,-36.688,-11.257,-37.443
11810,-34.594,-52.665,-36.155,-11.685,-37.873
11830,-35.632,-55.537,-36.776,-11.808,-38.409
11850,-35.272,-53.974,-36.39,-11.558,-39.166
11870,-35.145,-54.818,-36.311,-11.703,-37.747
11890,-35.188,-54.135,-36.041,-11.86,-38.716
11910,-34.957,-53.282,-35.984,-11.59,-38.973
11930,-35.48,-54.397,-37.284,-11.389,-38.85
11950,-34.959,-53.629,-36.199,-11.424,-38.583
11970,-34.46,-53.405,-35.943,-11.391,-37.099
11990,-34.497,-53.513,-35.925,-11.086,-37.462
12010,-34.618,-52.144,-36.363,-11.886,-38.079
